Sex,Length,Diameter,Height,Whole_weight,Shucked_weight,Viscera_weight,Shell_weight
0.08139961285613902,0.531182630058011,0.39129635544637476,0.38762946513058394,0.4936556619884901,1.923995531293929,0.5946290842306974,0.5756482738094049
0.00862981429198029,0.7622493511848779,0.13475755241077403,0.797976987222945,0.6608774189275082,1.729087892603226,0.398583211108634,0.4414800381297237
0.18258487266188328,0.165190038710693,0.2236106426771436,0.803951854247278,0.5533153396747715,1.673415301809881,0.06488121801324125,4.033227633608445
0.02855809229644847,0.7553077655289633,0.869187318872211,0.9462457243507617,4.906777614040619,5.318470174288048,0.4515556831158519,3.700010111324722
0.10147799401281798,0.10850474015555635,0.12979069632785387,0.30670171556226006,1.7437236805587626,1.3436444365854956,0.11226364139782259,1.5174406668434168
0.12582774684650835,0.14788907928995432,0.34144912540476247,0.24793989023524954,1.7681947090699195,5.536200765267091,0.09739106187568948,1.3857439121942003
0.15430545578285518,0.11738597131071792,0.3467756804686672,0.18135387555491708,1.99334464714929,1.4844956123536204,0.13231659278548863,1.4852420037075655
0.03479103193149115,0.1884984956033093,0.2921410334800248,1.2974437599633952,1.790033031100506,1.4289410932484374,0.0885372967167024,1.4162858152595925
0.17848318158827617,0.9283299992634282,0.9784176582560039,1.4325646046201974,3.9794132096839516,5.3312281052746116,0.574277481239226,3.129803229023455
0.09217961550334977,0.5899041888015683,0.17282987584652862,0.5705097472272078,0.7026798080901663,1.9920585911048412,0.2972852679776027,0.23976381092696858
0.08930612296486402,0.4487027994370028,0.14743446609654862,0.638343962845188,0.6330633960806777,1.7098392552167618,0.12172300426658954,0.7699285712976834
0.03309912190629809,1.0234768837485066,0.9970952606136331,1.320288490869677,4.147568153506251,5.514940571126725,0.7643350195735403,3.1785658675670594
0.10873433313151311,0.05544046144334389,0.29042288765179763,0.048510279697484456,1.6789033816702523,1.3033822943227802,0.3828935401724176,0.44947266606003905
0.10272688475657242,1.14836648735637,0.9010616525340764,1.4293910891632025,4.099920521126512,5.500526631276772,0.5800096997765766,3.0853066396807898
0.07363216147359089,0.07081038776557405,0.0649185579519325,0.055697878612061325,1.7060882087479423,1.518766969229814,0.1681703845414644,1.2144511750902716
0.04180030794238329,0.5389951796173934,0.5911341895950021,0.9513331336626216,0.8159408503989024,1.8910004780092926,0.10213776276431441,0.505576646577984
0.012372070976691876,0.5802151382034422,0.1395067057328183,0.6017686396317976,0.8678231382420282,1.9150460453711955,0.35992627201909316,4.09015835576959
0.01054669246690328,0.6608281660630841,0.4062952815096356,0.2215705217323003,1.7263534333800754,1.5810223002313548,0.3276959778619667,1.4151702092096685
0.008952734600195291,0.7282839028035333,0.9036013203457415,0.8612288225368177,5.151834070807684,5.32844787452105,0.4860027527427807,3.9302287205636244
0.005917853670519339,0.22903388833793742,0.18700525146851674,0.204865336161696,1.8404665609301696,1.4804637632122453,0.0031245049283137364,1.605937325113613
0.21118235090017065,0.765527639748709,0.9574186829617783,0.9667159957605983,5.114823866602434,5.324260454600753,0.5137835185347103,3.943196279460408
0.09810086848695317,0.6894497433529881,0.7623752680159539,0.8873993357553037,5.292816300026312,5.2538289093885835,0.5658902085916272,3.8805930662830495
0.042769179180126696,0.7553465724629632,0.8358637161536633,0.9090311842474412,5.308834008376903,5.349310162019725,0.5823750237805411,3.9724812135631655
0.003994298031027519,0.8113997174954173,1.027914852610499,0.4895388965013654,0.604474181137595,1.8123472493113775,0.7516982291197711,3.91359361488485
0.12376341809252309,0.41547349885370227,0.34381724178105744,0.5361575524945097,0.9552532678457905,1.9663880126495539,0.0940398151221028,0.5627528610897513
0.2030162861966107,0.9811902930126764,1.3371711221958917,0.014886619748275012,1.6329244941362937,1.6316201614192256,0.044829521812196134,3.2727970489276887
0.15370172904836996,0.0075937666825937325,0.050016903185801806,0.051635304619500055,1.694354352195203,1.3109137336540853,0.1780307839249714,1.2164792761839587
0.16087709632700473,0.15193688269544275,0.4654158683166991,0.10077196877710864,1.7777428746641288,1.4388202104816432,0.1932221381916399,1.2029696767108105
0.024401481066739155,0.30531058581738707,0.359719215897838,0.4507392826320461,0.6691974253887379,1.9773318717638215,0.5843754225050675,0.5339798887522157
0.04689507873872084,0.09330420574717882,0.04935759403153651,0.3090112187384492,0.5604654411739107,1.8079823646696613,0.05176529993144358,0.6516158270417238
0.018358809050211648,0.13967887069416793,0.21854970206877186,0.4063588707548858,5.069436064830603,5.287046950267003,0.5079664562898851,4.0794400626039
0.23935906678678331,0.5965521291349339,0.9269789859245765,0.5460509234381618,5.133696439178138,5.308548578666334,0.5532193386649833,3.8118768804678056
0.060558973853893534,0.838833152894167,0.8374739888031174,1.2010141695692147,4.133111200386222,5.5865187093504325,0.6325256705848309,3.0423426470251576
0.051572576459645934,0.15808844649778633,0.06815459428844195,0.39796426199834894,1.6471493804693984,1.4412645543451394,0.21552973734404135,1.3621330894039883
0.0650534076968905,0.3237542622138144,0.3059930053040735,0.0313666644437626,1.818927108677762,1.34721330588152,1.2174129838313414,1.5789415964951397
0.05790085417021733,0.5571318090627692,0.009191925425904116,0.39701751116718903,0.5896584272736876,5.258889087205728,0.3064426439776677,0.37849837592117863
0.08363124284232924,1.0301735926076931,0.958912649176622,1.2863023474132542,4.109694514303912,5.3903415999685365,0.47600633229433986,2.845067199361656
0.07364183654627414,1.1328215166406843,0.812852996682561,1.3280413066591144,4.156895088665631,5.531728445700608,0.8430739293938854,3.106729782346076
0.18275824379129885,0.08328539241964442,0.13105972947230177,1.151284301981738,1.7185428850997595,1.5284182522237482,0.1310125071390334,3.2596429397191007
0.11579415072370816,1.1140994387344056,0.8659365419111432,1.1262432249406997,4.0989130581175175,5.635776824616085,0.6118986711423188,3.0201914578807636
0.06756405257905011,0.5916560574112346,0.9123459049860224,0.9585788153405452,5.10369680638502,5.366031917861169,0.6224191758663885,3.7381208071018257
0.08217760466803634,0.6442664879587335,0.7800374226414365,0.780892733965892,5.1560409385743595,5.392515451211935,0.5198582579058252,3.8824007303810326
0.07681602339806276,0.8148188927043577,0.9832701220057066,0.4264924367198031,0.7240089348372373,1.7075903932692797,0.6212408030688169,0.3830263337195904
0.05320595869365142,0.13751815969193623,0.2055301450571377,0.11822875602645981,1.756654274578245,1.4708853046246873,0.05946524090699243,1.4041091731720585
0.07778154994482159,0.28623820135774913,0.20091098448169697,0.30089615255682406,0.6734637584038512,1.7740278459829701,0.7508793159524089,0.4150453236718813
0.0661064624703045,0.6938880342309881,0.8722462121979814,0.8847242191894203,5.036202504127757,5.330025505227622,0.6240854834048515,3.957064992632456
0.14683940634760403,0.31888782780480235,0.23142789599028135,0.6886332632617035,0.6401526814971292,1.7915219009207972,0.35976955288406287,0.4402187662504562
0.019782570778891232,0.6132559159465681,0.1138670045621351,0.14049097118111697,0.7265528500803953,1.8289871607832187,0.14437674493683553,1.4311451657220036
0.1399281787520275,0.29804908470772745,0.2725531988144732,0.024870306404681172,0.5462495209803853,1.3089878842521674,0.43538224210552046,0.48909103385433067
0.08700229567968114,0.845258567495994,0.8922282595335169,1.2445742510538436,4.112738469668263,5.534090375991011,0.7015302020806073,3.0384915476678747
0.2609963217371925,1.1230486158890824,0.9086314915174905,1.1741168227707206,4.148592555037237,5.458012062791502,0.6609358316099506,2.945151210537857
0.07884593898225806,0.595441134989009,0.9892156331832703,1.1608839662412567,5.11916377899107,1.7237184198209083,0.6818121359589538,4.134920045405291
0.13302903786003728,0.12335116524286593,0.1933545481342973,1.7313371550489807,1.5262138627504092,1.6008795379891716,0.5332435188650765,1.4148603758425153
0.018485645410800545,0.9196688000680838,1.0817400462406994,1.3667557388828282,4.1462684040326785,5.6127249321459365,0.7735820556064749,3.17197201008385
0.0341334756085134,0.675612158755807,0.7958945921437279,1.1509053251296941,4.017289040902709,5.557065596502385,0.5203929456181319,3.027194040182561
0.11915193802304347,0.19349396550257092,0.3921322275268349,0.7149211038547021,0.7249008648748142,1.9437320057163272,0.034745904739448115,0.14974986995729936
0.3542258960090282,0.6229297283728288,0.3366783817740446,1.1113082242800092,0.7793894403201943,1.681548885145391,0.3257536215977784,0.36138193269691
0.09429597457916185,0.6547962269881321,0.89729828017977,0.8216338838453947,5.141582241030405,1.8738860462622107,0.2675128227912633,3.8090184530987337
0.053868709388967435,0.3925907620007805,0.39639938506958716,0.026060612980490824,1.702880930489559,1.8203103350886407,0.2014185578088922,0.2839303912998791
0.06416937849250048,1.152309311616323,0.9182850608930203,1.4358748696296868,4.123736060986971,5.461021121710729,0.9273264071090409,2.9261815808755163
0.02547978813960678,0.3915227006360379,0.3402268382508979,0.9683026359819977,5.055519201700275,5.377775678936487,0.3374828693193551,4.074642045860654
0.08663013662751524,0.7324866787982859,0.8721307700023103,0.7659068519181688,5.087071674452347,5.214075699946468,0.300992012589142,4.046448397111873
0.06158297745836914,0.6907174656585685,0.4635469908409672,0.3489055399158642,1.0009068162905024,1.9327040907572268,0.2128932514388661,0.49752497709491067
0.05569989031383243,0.9873882113736924,1.027595823671932,1.3787104154564724,4.26716641242283,5.394871383150475,0.5985685687260572,3.1949110647587724
0.13266931418258932,0.2757708913518054,0.1542315596591651,1.3651070278725232,1.6117941398143147,1.5626312082697484,0.07135836329453633,3.1303802141189343
0.03991788815633302,0.7401662170272364,0.861849021661508,0.4404989886746572,5.069578083394409,5.183945625226648,0.5086624936088953,3.8843797068853503
0.0033406633214997485,0.9811290766538588,0.9650814104812891,1.410633244149135,4.160126540139831,5.4140569855131115,0.9047701324482451,3.143475339719719
0.033687744261766205,0.939649630715414,0.8405823324879859,1.4875245208386012,4.205382853254701,5.5780061084136765,0.8203175864019279,3.1317326902731373
0.013132862324723585,0.39889468497242686,0.49802372077385954,0.06026884545290583,1.8646230525945962,1.3860711426019563,0.12060680393538083,1.48203479351981
0.021637244913402253,0.24730290281204206,0.30630062579213024,0.1809759531374492,1.7133318531789112,1.525447471384245,0.20100981524027572,0.8680564219697778
0.2072958346009052,0.5534794628971355,0.790609086489412,0.8021686709018795,5.246648203942437,5.243683461009231,0.5938202580385015,3.7579273903266865
0.13489989374651307,0.01984949876682685,0.26736452697018,0.6604475501124277,2.125104018604405,1.4456024148649262,0.12428883141251337,1.5829766166344945
0.0018522362685098985,1.0509585120929144,0.8630458233996511,1.2741134288809073,4.035582427175392,5.504152058196022,0.7518135935240331,3.028677307087298
0.015568028572202866,1.229377411126772,1.0010269328548407,0.03964070821442042,4.146767349583217,1.5798039697679889,0.7713455908791299,3.1222121682299844
0.026508325076162836,0.9853455626205316,0.9893251736196245,1.3791701987717275,4.055337674005349,5.462204453376424,0.799380365955024,3.1049708044130213
0.04941958607432907,0.6320419000358238,1.0540720655828109,0.8512192118874198,5.188876350515671,5.230808215528884,0.46395732628376135,3.9959380402022955
0.0025643290059049126,0.83671985452663,0.8858579259276277,0.9870611709960405,5.274550038311945,1.7681502695922924,0.5730427231728614,4.188658015933233
0.017750826743017527,0.7133818124582455,0.9097389023573418,0.803981032172862,5.051509878690552,5.4702504898824795,0.5042604146368428,3.8612751697215413
0.040471655118789356,0.5052170183206378,0.6071991692975747,0.3677886980128076,0.7761670984221036,1.537166909814582,0.7836940111399578,0.5908392457217885
0.1425680557721803,0.10471049169685129,0.1836926344316562,0.20987721302367848,1.6828637744313253,1.2911178581180627,0.006212733525288341,1.1294210629111894
0.03474731220030693,0.19527681118262655,0.448119194563126,0.007261439409085002,1.6971600371586113,1.6068856652178878,0.22617645108499282,1.4526979920147554
0.06289373758374,0.29713661100569105,0.2642268513947649,0.3786345583749637,0.5609999951603225,1.8504056170641123,0.42344996544155955,0.28080953353496396
0.21457018574831754,0.6769120762529781,0.9793114823821132,0.7776108019229049,5.106075188686269,5.141861073137722,0.5649991888871001,3.9074292744783636
0.2819259835814236,0.1782444140249148,0.3853301333983673,0.039298038007230786,1.8441855601312407,1.230151810569697,0.12589270767513538,1.5171582449741952
0.012581371633191485,1.1836213376351161,0.9062513229631555,1.1324314332679335,4.156791492894137,5.481956033010102,0.7932103089278746,2.9701535348317734
0.18714757796520057,0.3229522913005964,0.20962287503402088,0.14626777796519858,1.7474313256262821,1.2229347006290305,0.08549445001244946,0.37657439073416393
0.06085887461993551,0.4644759600916118,0.2913995592547949,0.049057814439071395,0.6897699429709986,1.8032005479138185,0.13256591550295538,0.6165615987933222
0.11973818896411789,0.16931616476813827,0.22891675716236595,0.12285936522934074,1.9905411911105104,1.598539675223653,0.07147849138148135,1.267148141320198
0.1200460379970195,0.7380116085260601,0.8314366624735119,0.9869249279513442,5.076364855210865,5.209980183030797,0.5371306487145877,4.0030592060818995
0.27783015268326455,0.28713149947818967,0.34608349350510453,0.059244261360902994,0.582717314667206,1.5944010029278095,0.4606850621238267,0.7244668968721811
0.15759098143830072,0.1554142462441494,1.0304528375406987,0.04724447445487752,1.7038356091472733,5.55969620879121,0.1221954357884172,1.106050377130035
0.00040307472793181553,0.6243971493327921,0.5004450399888333,0.007222860987116154,1.7080031275238885,1.5867581744517565,0.28720529221596397,1.1918395960772084
0.15671101176333802,0.8069337541308541,0.7018104272117653,0.46932109977552394,5.003735159352568,5.202965980944988,0.4842760852634756,3.906973662804234
0.04466429289733184,0.8012904367872364,0.9524695002311651,0.9673416237504989,5.211638059793003,5.322609156537595,0.4825464186436241,3.887370601724721
0.0702175943713791,0.4304645002338609,0.8822390026654342,0.6734985181248502,4.87768966223022,5.362448591765617,0.4926459858598733,3.6955317735518736
0.04874423496082777,0.5716526496756003,0.1499225942200972,0.5452191073412301,1.9766926387055144,1.3869683777326722,0.12628660058255436,1.3092459151711624
0.0623452785723682,0.8357265061636782,0.9715894890409301,1.3472469967986755,4.00784748705266,5.428591149527871,0.9218451338873579,3.301089799426206
0.09548298779561395,0.4585715149484077,0.16123342233685733,0.2605195712025113,0.7273936876981069,1.8888236058742809,0.1916607845269189,0.5928708132887788
0.024946256294671114,0.08012259313476058,0.10421301290686329,1.123680841651347,1.8577667280101164,1.4754748982040382,0.3458929127053399,1.3759372539283132
0.08488458893019436,1.1004203310700644,1.057727363398157,1.2943440207567554,4.221259702398895,5.378896778802911,0.6548237832405395,3.012149431469706
